id,slug,titre,brand,ean_a_confirmer_chez_fournisseur,notes
PC-20904,biber-pellet-di-legno-lettiera-64x15-kg-960-kg-pallet,"Biber pellet di legno per lettiera – 64×15 kg (960 kg) pallet",Biber,"Confirmer EAN/MPN fabricant du conditionnement exact vendu (facture / carton).","prix unique payable (ancien barré ~18 % retiré — promo non datée)"
PC-20912,pellet-di-faggio-6-mm-13-x-15-kg-195-kg-per-pellet-smoker-e-torce,"Pellet di faggio 6 mm – 13 × 15 kg (195 kg) – per pellet smoker & torce",,"Sans marque fabricant connue : laisser gtin/mpn vides; identifier_exists=no tant qu’aucune source primaire.","brand vide (combustible générique ou fabricant non identifiable dans le titre) | identifier_exists=no | prix unique payable (ancien barré ~18 % retiré — promo non datée)"
PC-20917,ecopower-pellet-pallet-con-65-sacchi-da-15-kg,"Ecopower Pellet – pallet con 65 sacchi da 15 kg",Ecopower,"Confirmer EAN palette 65×15 kg / 975 kg. Ne pas utiliser 5430000813013 (sac 15 kg).","prix unique payable (ancien barré ~18 % retiré — promo non datée)"
PC-20919,eph-pellet-di-legno-6-mm-dinplus-a1-975-kg-65x15-kg,"EPH pellet di legno 6 mm DINplus A1 – 975 kg (65×15 kg)",EPH,"Confirmer EAN/MPN fabricant du conditionnement exact vendu (facture / carton).","prix unique payable (ancien barré ~18 % retiré — promo non datée)"
PC-20925,fireflies-pellet-di-legno-6-mm-65x15-kg-975-kg-germania,"FIREFLIES pellet di legno 6 mm – 65×15 kg (975 kg) – Germania",Fireflies,"Confirmer EAN/MPN fabricant du conditionnement exact vendu (facture / carton).","prix unique payable (ancien barré ~18 % retiré — promo non datée)"
PC-20931,pellet-di-legno-enplus-a1-6-mm-65-x-15-kg-legno-duro,"Pellet di legno ENplus A1 6 mm – 65 × 15 kg – legno duro",,"Sans marque fabricant connue : laisser gtin/mpn vides; identifier_exists=no tant qu’aucune source primaire.","brand vide (combustible générique ou fabricant non identifiable dans le titre) | identifier_exists=no | prix unique payable (ancien barré ~18 % retiré — promo non datée)"
PC-20937,pellet-di-legno-enplus-a1-6-mm-65-x-15-kg-premium,"Pellet di legno ENplus A1 6 mm – 65 x 15 kg – Premium",,"Sans marque fabricant connue : laisser gtin/mpn vides; identifier_exists=no tant qu’aucune source primaire.","brand vide (combustible générique ou fabricant non identifiable dans le titre) | identifier_exists=no | prix unique payable (ancien barré ~18 % retiré — promo non datée)"
PC-20942,pellet-di-legno-enplus-a1-6-mm-66-x-15-kg-990-kg-legno-tenero,"Pellet di legno ENplus A1 6 mm – 66 × 15 kg (990 kg) – legno tenero",,"Sans marque fabricant connue : laisser gtin/mpn vides; identifier_exists=no tant qu’aucune source primaire.","brand vide (combustible générique ou fabricant non identifiable dans le titre) | identifier_exists=no | prix unique payable (ancien barré ~18 % retiré — promo non datée)"
PC-20949,pellet-di-legno-enplus-a1-6-mm-975-kg-65x15-kg-legno-tenero-premium,"Pellet di legno ENplus A1 6 mm – 975 kg (65×15 kg) – legno tenero Premium",,"Sans marque fabricant connue : laisser gtin/mpn vides; identifier_exists=no tant qu’aucune source primaire.","brand vide (combustible générique ou fabricant non identifiable dans le titre) | identifier_exists=no | prix unique payable (ancien barré ~18 % retiré — promo non datée)"
PC-20955,pellet-di-legno-enplus-a1-6-mm-hd-65-x-15-kg-made-in-germany,"Pellet di legno ENplus A1 6 mm – HD+ – 65 × 15 kg – prodotto in Germania",,"Sans marque fabricant connue : laisser gtin/mpn vides; identifier_exists=no tant qu’aucune source primaire.","brand vide (combustible générique ou fabricant non identifiable dans le titre) | identifier_exists=no | prix unique payable (ancien barré ~18 % retiré — promo non datée)"
PC-20960,pellet-di-legno-enplus-a1-960-kg-naturbrennstoffe-6-mm-conifera-64-x-15-kg-pallet,"Pellet di legno ENplus A1 960 kg – Naturbrennstoffe 6 mm conifera (pallet 64 x 15 kg)",,"Sans marque fabricant connue : laisser gtin/mpn vides; identifier_exists=no tant qu’aucune source primaire.","brand vide (combustible générique ou fabricant non identifiable dans le titre) | identifier_exists=no | prix unique payable (ancien barré ~18 % retiré — promo non datée)"
PC-20965,pellet-di-legno-mix-6-mm-faggio-quercia-64-x-15-kg-960-kg,"Pellet di legno Mix 6 mm – faggio + quercia – 64 × 15 kg (960 kg)",,"Sans marque fabricant connue : laisser gtin/mpn vides; identifier_exists=no tant qu’aucune source primaire.","brand vide (combustible générique ou fabricant non identifiable dans le titre) | identifier_exists=no | prix unique payable (ancien barré ~18 % retiré — promo non datée)"
PC-20970,sunfire-pellet-di-legno-nf-haute-qualite-70x15-kg-1050-kg,"SunFire pellet di legno NF Haute Qualité – 70×15 kg (1.050 kg)",SunFire,"Confirmer EAN/MPN fabricant du conditionnement exact vendu (facture / carton).","prix unique payable (ancien barré ~18 % retiré — promo non datée)"
PC-20974,pellet-di-legno-verba-premium-en-a1-975-kg,"Pellet di legno VERBA Premium EN + A1 975 kg",VERBA,"Confirmer EAN/MPN fabricant du conditionnement exact vendu (facture / carton).","prix unique payable (ancien barré ~18 % retiré — promo non datée)"
PC-20981,pellet-di-qualita-primex-premium-975-kg,"Pellet di qualità Primex Premium 975 kg",Primex,"Confirmer EAN/MPN fabricant du conditionnement exact vendu (facture / carton).","prix unique payable (ancien barré ~18 % retiré — promo non datée)"
PC-20987,rekord-premium-pellet-di-legno-6mm-enplusa1-66-x-15kg-pallet,"REKORD Premium pellet di legno 6 mm ENplus A1, pallet 66 x 15 kg",REKORD,"Confirmer EAN/MPN fabricant du conditionnement exact vendu (facture / carton).","prix unique payable (ancien barré ~18 % retiré — promo non datée)"
PC-20993,mcz-stream-comfort-air-12-up-stufa-a-pellet-acciaio-o-pietra-naturale,"MCZ Stream Comfort Air 12 UP! stufa a pellet – acciaio o pietra naturale",MCZ,"Confirmer EAN carton MCZ Stream Comfort Air 12 UP! (article 7122059). Ne pas utiliser 8018459172355 (variante R / sortie arrière).","prix unique payable (ancien barré ~18 % retiré — promo non datée)"
PC-20997,mcz-cute-air-8-up-stufa-a-pellet-compatta-uscita-superiore,"MCZ Cute Air 8 UP! stufa a pellet – compatta, uscita fumi superiore",MCZ,"Confirmer EAN carton MCZ Cute Air 8 UP! (article 7122002). MPN 7122002 uniquement après confirmation SKU vendu.","prix unique payable (ancien barré ~18 % retiré — promo non datée)"
PC-21002,mcz-doc-comfort-air-9-r-stufa-a-pellet-sottile-canalizzabile-88-kw,"MCZ Doc Comfort Air 9 R stufa a pellet – sottile & canalizzabile (8,8 kW)",MCZ,"Confirmer EAN / MPN fabricant MCZ du modèle exact vendu (finition / sortie fumi).","prix unique payable (ancien barré ~18 % retiré — promo non datée)"
PC-21007,mcz-ego-comfort-air-10-m3-stufa-a-pellet-acciaio-canalizzabile,"MCZ Ego Comfort Air 10 M3 stufa a pellet – acciaio, canalizzabile",MCZ,"Confirmer EAN / MPN fabricant MCZ du modèle exact vendu (finition / sortie fumi).","prix unique payable (ancien barré ~18 % retiré — promo non datée)"
PC-21048,legna-da-ardere-faggio-50cm-1rm-su-pallet-essiccata-in-camera,"Legna da ardere di faggio 50 cm – 1 RM su pallet | essiccata in camera",,"Sans marque fabricant connue : laisser gtin/mpn vides; identifier_exists=no tant qu’aucune source primaire.","brand vide (combustible générique ou fabricant non identifiable dans le titre) | identifier_exists=no | prix unique payable (ancien barré ~18 % retiré — promo non datée)"
PC-21052,legna-da-ardere-betulla-33cm-2rm-su-pallet-essiccata-in-camera,"Legna da ardere di betulla – 33 cm – 2 RM su pallet | essiccata in camera",,"Sans marque fabricant connue : laisser gtin/mpn vides; identifier_exists=no tant qu’aucune source primaire.","brand vide (combustible générique ou fabricant non identifiable dans le titre) | identifier_exists=no | prix unique payable (ancien barré ~18 % retiré — promo non datée)"
PC-21057,legna-da-ardere-betulla-50cm-2-rm-su-pallet-essiccata-in-camera,"Legna da ardere di betulla – 50 cm – 2 RM su pallet | essiccata in camera",,"Sans marque fabricant connue : laisser gtin/mpn vides; identifier_exists=no tant qu’aucune source primaire.","brand vide (combustible générique ou fabricant non identifiable dans le titre) | identifier_exists=no | prix unique payable (ancien barré ~18 % retiré — promo non datée)"
PC-21061,legna-da-ardere-betulla-25-cm-2-rm-su-pallet-essiccata-in-camera,"Legna da ardere di betulla 25 cm – 2 RM su pallet – essiccata in camera",,"Sans marque fabricant connue : laisser gtin/mpn vides; identifier_exists=no tant qu’aucune source primaire.","brand vide (combustible générique ou fabricant non identifiable dans le titre) | identifier_exists=no | prix unique payable (ancien barré ~18 % retiré — promo non datée)"
PC-21065,legna-da-ardere-betulla-25-cm-1rm-su-pallet,"Legna da ardere di betulla 25 cm – 1 RM su pallet",,"Sans marque fabricant connue : laisser gtin/mpn vides; identifier_exists=no tant qu’aucune source primaire.","brand vide (combustible générique ou fabricant non identifiable dans le titre) | identifier_exists=no | prix unique payable (ancien barré ~18 % retiré — promo non datée)"
PC-21069,legna-da-ardere-betulla-33cm-1rm-su-pallet-essiccata-in-camera,"Legna da ardere di betulla 33 cm – 1 RM su pallet – essiccata in camera",,"Sans marque fabricant connue : laisser gtin/mpn vides; identifier_exists=no tant qu’aucune source primaire.","brand vide (combustible générique ou fabricant non identifiable dans le titre) | identifier_exists=no | prix unique payable (ancien barré ~18 % retiré — promo non datée)"
PC-21073,legna-da-ardere-betulla-50-cm-1rm-su-pallet-essiccata-in-camera,"Legna da ardere di betulla 50 cm – 1 RM su pallet | essiccata in camera",,"Sans marque fabricant connue : laisser gtin/mpn vides; identifier_exists=no tant qu’aucune source primaire.","brand vide (combustible générique ou fabricant non identifiable dans le titre) | identifier_exists=no | prix unique payable (ancien barré ~18 % retiré — promo non datée)"
PC-21077,legna-da-ardere-faggio-25cm-2-rm-su-pallet-essiccata-in-camera,"Legna da ardere di faggio – 25 cm – 2 RM su pallet | essiccata in camera",,"Sans marque fabricant connue : laisser gtin/mpn vides; identifier_exists=no tant qu’aucune source primaire.","brand vide (combustible générique ou fabricant non identifiable dans le titre) | identifier_exists=no | prix unique payable (ancien barré ~18 % retiré — promo non datée)"
PC-21081,legna-da-ardere-faggio-33cm-2-rm-su-pallet-essiccata-in-camera,"Legna da ardere di faggio – 33 cm – 2 RM su pallet | essiccata in camera",,"Sans marque fabricant connue : laisser gtin/mpn vides; identifier_exists=no tant qu’aucune source primaire.","brand vide (combustible générique ou fabricant non identifiable dans le titre) | identifier_exists=no | prix unique payable (ancien barré ~18 % retiré — promo non datée)"
PC-21085,legna-da-ardere-faggio-50cm-2rm-su-pallet-essiccata-in-camera,"Legna da ardere di faggio – 50 cm – 2 RM su pallet | essiccata in camera",,"Sans marque fabricant connue : laisser gtin/mpn vides; identifier_exists=no tant qu’aucune source primaire.","brand vide (combustible générique ou fabricant non identifiable dans le titre) | identifier_exists=no | prix unique payable (ancien barré ~18 % retiré — promo non datée)"
PC-21089,legna-da-ardere-faggio-25-cm-1rm-su-pallet-essiccata-in-camera,"Legna da ardere di faggio 25 cm – 1 RM su pallet | essiccata in camera",,"Sans marque fabricant connue : laisser gtin/mpn vides; identifier_exists=no tant qu’aucune source primaire.","brand vide (combustible générique ou fabricant non identifiable dans le titre) | identifier_exists=no | prix unique payable (ancien barré ~18 % retiré — promo non datée)"
PC-21093,legna-da-ardere-faggio-33cm-1rm-su-pallet-essiccata-in-camera,"Legna da ardere di faggio 33 cm – 1 RM su pallet | essiccata in camera",,"Sans marque fabricant connue : laisser gtin/mpn vides; identifier_exists=no tant qu’aucune source primaire.","brand vide (combustible générique ou fabricant non identifiable dans le titre) | identifier_exists=no | prix unique payable (ancien barré ~18 % retiré — promo non datée)"
PC-21377,bricchetti-bbq-di-puro-faggio-18-kg-cartone-pallet-54-pz-972-kg,"Bricchetti BBQ di puro faggio – cartone 18 kg, pallet da 54 (972 kg)",,"Sans marque fabricant connue : laisser gtin/mpn vides; identifier_exists=no tant qu’aucune source primaire.","brand vide (combustible générique ou fabricant non identifiable dans le titre) | identifier_exists=no | prix unique payable (ancien barré ~18 % retiré — promo non datée)"
PC-21383,bricchetti-faggio-nestro-12-kg-box-pallet-81x-972-kg,"Bricchetti di faggio Nestro – scatola 12 kg – pallet 81× (972 kg)",,"Sans marque fabricant connue : laisser gtin/mpn vides; identifier_exists=no tant qu’aucune source primaire.","brand vide (combustible générique ou fabricant non identifiable dans le titre) | identifier_exists=no | prix unique payable (ancien barré ~18 % retiré — promo non datée)"
PC-21391,bricchetti-di-legno-nestro-xl-blue-tondi-senza-foro-pallet-960-kg,"Bricchetti di legno Nestro XL Blue – tondi senza foro (pallet 960 kg)",,"Sans marque fabricant connue : laisser gtin/mpn vides; identifier_exists=no tant qu’aucune source primaire.","brand vide (combustible générique ou fabricant non identifiable dans le titre) | identifier_exists=no | prix unique payable (ancien barré ~18 % retiré — promo non datée)"
PC-21399,ruf-original-red-bricchetti-legno-duro-960-kg-pallet,"RUF Original Red bricchetti di legno duro – pallet 960 kg",RUF,"Confirmer EAN/MPN fabricant du conditionnement exact vendu (facture / carton).","prix unique payable (ancien barré ~18 % retiré — promo non datée)"
PC-21406,ruf-original-blue-bricchetti-legno-tenero-960-kg-pallet,"RUF Original Blue bricchetti di legno tenero – pallet 960 kg",RUF,"Confirmer EAN/MPN fabricant du conditionnement exact vendu (facture / carton).","prix unique payable (ancien barré ~18 % retiré — promo non datée)"
PC-21412,ruf-bricchetti-di-legno-960-kg-pallet-96-x-10-kg-din-en-iso-17225-3-il-nostro-risparmio,"RUF bricchetti di legno pallet 960 kg – 96 x 10 kg – DIN EN ISO 17225-3 – «Il nostro risparmio»",RUF,"Confirmer EAN/MPN fabricant du conditionnement exact vendu (facture / carton).","prix unique payable (ancien barré ~18 % retiré — promo non datée)"
PC-21420,pollmeier-bricchetti-faggio-nestro-tondi-senza-foro-960-kg-pallet,"Pollmeier bricchetti di faggio Nestro – tondi senza foro (960 kg pallet)",Pollmeier,"Confirmer EAN/MPN fabricant du conditionnement exact vendu (facture / carton).","prix unique payable (ancien barré ~18 % retiré — promo non datée)"
PC-21427,pollmeier-bricchetti-faggio-nestro-tondi-senza-foro-pallet-960-kg,"Pollmeier bricchetti di faggio Nestro – tondi senza foro (pallet 960 kg)",Pollmeier,"Confirmer EAN/MPN fabricant du conditionnement exact vendu (facture / carton).","prix unique payable (ancien barré ~18 % retiré — promo non datée)"
PC-21435,pinikay-quadro-bricchetti-legno-duro-con-foro-aria-pallet-960-kg,"PiniKay Quadro bricchetti di legno duro – con foro d'aria (pallet 960 kg)",PiniKay,"Confirmer EAN/MPN fabricant du conditionnement exact vendu (facture / carton).","prix unique payable (ancien barré ~18 % retiré — promo non datée)"
PC-21440,pinikay-bricchetti-legno-duro-ottagono-con-foro-aria-pallet-960-kg,"PiniKay bricchetti di legno duro ottagono – con foro d'aria (pallet 960 kg)",PiniKay,"Confirmer EAN/MPN fabricant du conditionnement exact vendu (facture / carton).","prix unique payable (ancien barré ~18 % retiré — promo non datée)"
PC-21447,bricchetti-di-legno-tondi-con-foro-pallet,"Bricchetti di legno tondi con foro – pallet",,"Sans marque fabricant connue : laisser gtin/mpn vides; identifier_exists=no tant qu’aucune source primaire.","brand vide (combustible générique ou fabricant non identifiable dans le titre) | identifier_exists=no | prix unique payable (ancien barré ~18 % retiré — promo non datée)"
PC-21452,bricchetti-di-legno-nestro-xl-red-tondi-senza-foro-pallet-960-kg,"Bricchetti di legno Nestro XL Red – tondi senza foro (pallet 960 kg)",,"Sans marque fabricant connue : laisser gtin/mpn vides; identifier_exists=no tant qu’aucune source primaire.","brand vide (combustible générique ou fabricant non identifiable dans le titre) | identifier_exists=no | prix unique payable (ancien barré ~18 % retiré — promo non datée)"
PC-21458,ruf-triplex-green-bricchetti-legno-tenero-960-kg-pallet,"RUF Triplex Green bricchetti di legno tenero – pallet 960 kg",RUF,"Confirmer EAN/MPN fabricant du conditionnement exact vendu (facture / carton).","prix unique payable (ancien barré ~18 % retiré — promo non datée)"
PC-21465,pfeifer-pellet-pallet-con-70-sacchi-consegna-inclusa,"Pfeifer Pellet – pallet con 70 sacchi, consegna inclusa",Pfeifer,"Confirmer EAN/MPN fabricant du conditionnement exact vendu (facture / carton).","prix unique payable (ancien barré ~18 % retiré — promo non datée)"
PC-21520,tronchi-di-faggio-carico-camion-da-50-metri-cubi,"Tronchi di faggio, carico camion da 50 metri cubi",,"Sans marque fabricant connue : laisser gtin/mpn vides; identifier_exists=no tant qu’aucune source primaire.","brand vide (combustible générique ou fabricant non identifiable dans le titre) | identifier_exists=no | prix unique payable (ancien barré ~18 % retiré — promo non datée)"
PC-21522,tronchi-di-castagno-50-stere-carico-camion,"Tronchi di castagno, carico camion da 50 stère",,"Sans marque fabricant connue : laisser gtin/mpn vides; identifier_exists=no tant qu’aucune source primaire.","brand vide (combustible générique ou fabricant non identifiable dans le titre) | identifier_exists=no | prix unique payable (ancien barré ~18 % retiré — promo non datée)"
PC-21524,pellet-di-legno-dinplus-firstclass-975-kg-pallet-65-x-15-kg,"Pellet di legno DINplus FirstClass – pallet 975 kg (65 x 15 kg)",,"Sans marque fabricant connue : laisser gtin/mpn vides; identifier_exists=no tant qu’aucune source primaire.","brand vide (combustible générique ou fabricant non identifiable dans le titre) | identifier_exists=no | prix unique payable (ancien barré ~18 % retiré — promo non datée)"
