id,titre,brand,gtin,mpn,identifier_exists,price,sale_price,sale_price_effective_date
PC-20904,"Biber pellet di legno per lettiera – 64×15 kg (960 kg) pallet",Biber,,,,"409.18 EUR",,
PC-20912,"Pellet di faggio 6 mm – 13 × 15 kg (195 kg) – per pellet smoker & torce",,,,no,"491.18 EUR",,
PC-20917,"Ecopower Pellet – pallet con 65 sacchi da 15 kg",Ecopower,,,,"262.40 EUR",,
PC-20919,"EPH pellet di legno 6 mm DINplus A1 – 975 kg (65×15 kg)",EPH,,,,"262.40 EUR",,
PC-20925,"FIREFLIES pellet di legno 6 mm – 65×15 kg (975 kg) – Germania",Fireflies,,,,"287.00 EUR",,
PC-20931,"Pellet di legno ENplus A1 6 mm – 65 × 15 kg – legno duro",,,,no,"451.00 EUR",,
PC-20937,"Pellet di legno ENplus A1 6 mm – 65 x 15 kg – Premium",,,,no,"344.40 EUR",,
PC-20942,"Pellet di legno ENplus A1 6 mm – 66 × 15 kg (990 kg) – legno tenero",,,,no,"376.38 EUR",,
PC-20949,"Pellet di legno ENplus A1 6 mm – 975 kg (65×15 kg) – legno tenero Premium",,,,no,"359.98 EUR",,
PC-20955,"Pellet di legno ENplus A1 6 mm – HD+ – 65 × 15 kg – prodotto in Germania",,,,no,"376.38 EUR",,
PC-20960,"Pellet di legno ENplus A1 960 kg – Naturbrennstoffe 6 mm conifera (pallet 64 x 15 kg)",,,,no,"351.78 EUR",,
PC-20965,"Pellet di legno Mix 6 mm – faggio + quercia – 64 × 15 kg (960 kg)",,,,no,"467.40 EUR",,
PC-20970,"SunFire pellet di legno NF Haute Qualité – 70×15 kg (1.050 kg)",SunFire,,,,"205.00 EUR",,
PC-20974,"Pellet di legno VERBA Premium EN + A1 975 kg",VERBA,,,,"196.80 EUR",,
PC-20981,"Pellet di qualità Primex Premium 975 kg",Primex,,,,"205.00 EUR",,
PC-20987,"REKORD Premium pellet di legno 6 mm ENplus A1, pallet 66 x 15 kg",REKORD,,,,"258.30 EUR",,
PC-20993,"MCZ Stream Comfort Air 12 UP! stufa a pellet – acciaio o pietra naturale",MCZ,,,,"3116.00 EUR",,
PC-20997,"MCZ Cute Air 8 UP! stufa a pellet – compatta, uscita fumi superiore",MCZ,,,,"2275.50 EUR",,
PC-21002,"MCZ Doc Comfort Air 9 R stufa a pellet – sottile & canalizzabile (8,8 kW)",MCZ,,,,"2836.38 EUR",,
PC-21007,"MCZ Ego Comfort Air 10 M3 stufa a pellet – acciaio, canalizzabile",MCZ,,,,"2050.00 EUR",,
PC-21048,"Legna da ardere di faggio 50 cm – 1 RM su pallet | essiccata in camera",,,,no,"221.40 EUR",,
PC-21052,"Legna da ardere di betulla – 33 cm – 2 RM su pallet | essiccata in camera",,,,no,"328.00 EUR",,
PC-21057,"Legna da ardere di betulla – 50 cm – 2 RM su pallet | essiccata in camera",,,,no,"323.90 EUR",,
PC-21061,"Legna da ardere di betulla 25 cm – 2 RM su pallet – essiccata in camera",,,,no,"344.40 EUR",,
PC-21065,"Legna da ardere di betulla 25 cm – 1 RM su pallet",,,,no,"319.80 EUR",,
PC-21069,"Legna da ardere di betulla 33 cm – 1 RM su pallet – essiccata in camera",,,,no,"229.60 EUR",,
PC-21073,"Legna da ardere di betulla 50 cm – 1 RM su pallet | essiccata in camera",,,,no,"188.60 EUR",,
PC-21077,"Legna da ardere di faggio – 25 cm – 2 RM su pallet | essiccata in camera",,,,no,"344.40 EUR",,
PC-21081,"Legna da ardere di faggio – 33 cm – 2 RM su pallet | essiccata in camera",,,,no,"336.20 EUR",,
PC-21085,"Legna da ardere di faggio – 50 cm – 2 RM su pallet | essiccata in camera",,,,no,"319.80 EUR",,
PC-21089,"Legna da ardere di faggio 25 cm – 1 RM su pallet | essiccata in camera",,,,no,"188.60 EUR",,
PC-21093,"Legna da ardere di faggio 33 cm – 1 RM su pallet | essiccata in camera",,,,no,"131.20 EUR",,
PC-21377,"Bricchetti BBQ di puro faggio – cartone 18 kg, pallet da 54 (972 kg)",,,,no,"426.40 EUR",,
PC-21383,"Bricchetti di faggio Nestro – scatola 12 kg – pallet 81× (972 kg)",,,,no,"310.78 EUR",,
PC-21391,"Bricchetti di legno Nestro XL Blue – tondi senza foro (pallet 960 kg)",,,,no,"287.00 EUR",,
PC-21399,"RUF Original Red bricchetti di legno duro – pallet 960 kg",RUF,,,,"319.80 EUR",,
PC-21406,"RUF Original Blue bricchetti di legno tenero – pallet 960 kg",RUF,,,,"318.98 EUR",,
PC-21412,"RUF bricchetti di legno pallet 960 kg – 96 x 10 kg – DIN EN ISO 17225-3 – «Il nostro risparmio»",RUF,,,,"278.80 EUR",,
PC-21420,"Pollmeier bricchetti di faggio Nestro – tondi senza foro (960 kg pallet)",Pollmeier,,,,"303.40 EUR",,
PC-21427,"Pollmeier bricchetti di faggio Nestro – tondi senza foro (pallet 960 kg)",Pollmeier,,,,"348.50 EUR",,
PC-21435,"PiniKay Quadro bricchetti di legno duro – con foro d'aria (pallet 960 kg)",PiniKay,,,,"332.10 EUR",,
PC-21440,"PiniKay bricchetti di legno duro ottagono – con foro d'aria (pallet 960 kg)",PiniKay,,,,"351.78 EUR",,
PC-21447,"Bricchetti di legno tondi con foro – pallet",,,,no,"311.60 EUR",,
PC-21452,"Bricchetti di legno Nestro XL Red – tondi senza foro (pallet 960 kg)",,,,no,"360.80 EUR",,
PC-21458,"RUF Triplex Green bricchetti di legno tenero – pallet 960 kg",RUF,,,,"311.60 EUR",,
PC-21465,"Pfeifer Pellet – pallet con 70 sacchi, consegna inclusa",Pfeifer,,,,"286.18 EUR",,
PC-21520,"Tronchi di faggio, carico camion da 50 metri cubi",,,,no,"1168.00 EUR",,
PC-21522,"Tronchi di castagno, carico camion da 50 stère",,,,no,"1103.00 EUR",,
PC-21524,"Pellet di legno DINplus FirstClass – pallet 975 kg (65 x 15 kg)",,,,no,"245.00 EUR",,
